category,asset_name,file_path,status,width_px,height_px,description,ai_generatable,prompt,negative_prompt,model_recommendation,parameters,alternative_source
TOWER SPRITE,Basic Tower,assets/images/towers/basic_tower.png,exists_placeholder,33,50,"Simple stone ballista or catapult on a square base. Starter tower, low-tier feel.",YES,"pixel art, 32x32 sprite, top-down tower defense, medieval stone ballista on square base, dark stone texture, gold trim, single barrel pointing upward, transparent background, game asset","blurry, low quality, realistic, 3D, shadow, text, watermark, multiple objects","Stable Diffusion SDXL / FLUX","steps=28, cfg=7, sampler=DPM++ 2M Karras, size=512x512 then scale to 33x50, pixel-art LoRA weight 0.8",OpenGameArt.org – search 'tower defense sprite'
TOWER SPRITE,Advanced Tower,assets/images/towers/advanced_tower.png,exists_placeholder,33,50,"Reinforced stone tower with two cannons and a silver crest. Mid-tier upgraded feel.",YES,"pixel art, 32x32, top-down tower defense, advanced stone tower dual cannon, silver and gold trim, reinforced medieval design, transparent background","blurry, realistic, 3D, shadow, text, watermark","Stable Diffusion SDXL","steps=28, cfg=7, sampler=DPM++ 2M Karras, pixel-art LoRA",OpenGameArt.org
TOWER SPRITE,Cannon Tower,assets/images/towers/cannon_tower.png,exists_placeholder,33,50,"Wide-bore iron cannon on a stone parapet. Heavy, imposing silhouette with a smoking barrel.",YES,"pixel art, 32x32, cannon tower game sprite, top-down, wide iron cannon on stone wall, smoke wisp, dark metal, medieval, transparent background","blurry, realistic, 3D","Stable Diffusion SDXL","steps=28, cfg=7, pixel-art LoRA",OpenGameArt.org
TOWER SPRITE,Debuff Tower,assets/images/towers/debuff_tower.png,exists_placeholder,33,50,"Ominous purple and black cursed obelisk radiating dark runes. Weakens enemies in range.",YES,"pixel art, 32x32, cursed obelisk tower, dark purple and black runes glowing, medieval dark magic, menacing silhouette, transparent background","blurry, realistic, colorful, bright","Stable Diffusion SDXL","steps=28, cfg=7, pixel-art LoRA",OpenGameArt.org
TOWER SPRITE,Electric Tower,assets/images/towers/electric_tower.png,exists_placeholder,33,50,"Tesla coil-style tower with two copper rods crackling with blue-white lightning arcs.",YES,"pixel art, 32x32, electric lightning tower game sprite, blue-white lightning arcs, copper coil rods, medieval steampunk, transparent background","blurry, realistic, fire, green","Stable Diffusion SDXL","steps=28, cfg=7, pixel-art LoRA",itch.io free assets – search 'tower defense'
TOWER SPRITE,Flame Tower,assets/images/towers/flame_tower.png,exists_placeholder,33,50,"Brazier-style tower with a roaring orange-red flame nozzle on a stone base.",YES,"pixel art, 32x32, flame thrower tower, stone brazier base, roaring orange fire nozzle, medieval fantasy, glowing ember particles, transparent background","blurry, realistic, blue, ice","Stable Diffusion SDXL","steps=28, cfg=7, pixel-art LoRA",Kenney.nl – Tower Defense Kit
TOWER SPRITE,Frost Tower,assets/images/towers/frost_tower.png,exists_placeholder,33,50,"Ice-crystal tower with pale blue icicle spires and frosted stone. Slows enemies.",YES,"pixel art, 32x32, frost ice tower game sprite, pale blue icicle spires, frozen stone base, crystalline, medieval fantasy, transparent background","blurry, realistic, fire, warm colors","Stable Diffusion SDXL","steps=28, cfg=7, pixel-art LoRA",Kenney.nl – Tower Defense Kit
TOWER SPRITE,Gold Boost Tower,assets/images/towers/gold_boost_tower.png,exists_placeholder,33,50,"Ornate gold coin tower with a rotating coin topper and golden glyphs. Boosts kill rewards.",YES,"pixel art, 32x32, gold coin tower game sprite, ornate golden architecture, spinning coin on top, glowing yellow aura, medieval fantasy economy building, transparent background","blurry, realistic, dull, grey","Stable Diffusion SDXL","steps=28, cfg=7, pixel-art LoRA",OpenGameArt.org
TOWER SPRITE,Laser Tower,assets/images/towers/laser_tower.png,exists_placeholder,33,50,"Sleek crystalline prism tower emitting a focused red laser beam. Sci-fi-meets-fantasy.",YES,"pixel art, 32x32, laser crystal tower, glowing red beam emitter, crystalline prism structure, sci-fi fantasy hybrid, dark stone base, transparent background","blurry, realistic, bulky, primitive","Stable Diffusion SDXL","steps=28, cfg=7, pixel-art LoRA",itch.io – search 'sci-fi tower defense pack'
TOWER SPRITE,Missile Tower,assets/images/towers/missile_tower.png,exists_placeholder,33,50,"Launch rack tower with two visible missiles and a radar dish. Steampunk-medieval crossover.",YES,"pixel art, 32x32, missile launcher tower, dual rocket rack, steampunk medieval, brass and iron, radar dish, fire trail exhaust, transparent background","blurry, realistic, simple, flat","Stable Diffusion SDXL","steps=28, cfg=7, pixel-art LoRA",Kenney.nl
TOWER SPRITE,Multi-Target Tower,assets/images/towers/multi_target_tower.png,exists_placeholder,33,50,"Rotating turret tower with multiple swiveling gun barrels pointing in different directions.",YES,"pixel art, 32x32, multi-barrel rotating turret tower, multiple gun barrels, stone base, medieval steampunk, menacing, transparent background","blurry, realistic, single barrel","Stable Diffusion SDXL","steps=28, cfg=7, pixel-art LoRA",OpenGameArt.org
TOWER SPRITE,Poison Tower,assets/images/towers/poison_tower.png,exists_placeholder,33,50,"Alchemist's tower dripping with green toxic sludge. Vials and tubes visible on structure.",YES,"pixel art, 32x32, poison alchemist tower, green toxic drip, glass vials on sides, bubbling cauldron top, medieval alchemy, transparent background","blurry, realistic, clean, bright","Stable Diffusion SDXL","steps=28, cfg=7, pixel-art LoRA",OpenGameArt.org
TOWER SPRITE,Sniper Tower,assets/images/towers/sniper_tower.png,exists_placeholder,33,50,"Tall narrow watch-tower with a long-barreled crossbow sniper cannon. High and slim silhouette.",YES,"pixel art, 32x32, tall sniper watch tower, long narrow crossbow cannon, slim silhouette, stone medieval, arrow slit windows, transparent background","blurry, realistic, wide, squat","Stable Diffusion SDXL","steps=28, cfg=7, pixel-art LoRA",OpenGameArt.org
TOWER SPRITE,Speed Boost Tower,assets/images/towers/speed_boost_tower.png,exists_placeholder,33,50,"Drum tower with spinning clockwork gears and gold emanating rings. Boosts nearby tower speed.",YES,"pixel art, 32x32, clockwork gear tower game sprite, spinning bronze gears, golden speed rings radiating, medieval steampunk, transparent background","blurry, realistic, static, plain","Stable Diffusion SDXL","steps=28, cfg=7, pixel-art LoRA",OpenGameArt.org
TOWER SPRITE,Splash Tower,assets/images/towers/splash_tower.png,exists_placeholder,33,50,"Wide-mouthed mortar tower that lobs AoE bombs. Short and stout with a flared barrel.",YES,"pixel art, 32x32, mortar splash tower, short wide barrel, lob trajectory arc, stone base, smoke wisps, medieval fantasy, transparent background","blurry, realistic, tall, narrow","Stable Diffusion SDXL","steps=28, cfg=7, pixel-art LoRA",Kenney.nl – Tower Defense Kit
ENEMY SPRITE,Basic Enemy,assets/images/enemies/basic_enemy.png,exists_placeholder,33,50,"Generic medieval soldier goblin, lightly armored, facing left (walking direction).",YES,"pixel art, 32x32 side-view enemy sprite, goblin soldier, leather armor, walking pose, medieval fantasy, green skin, brown leather, left-facing, transparent background","blurry, realistic, 3D, top-down","Stable Diffusion SDXL","steps=28, cfg=7, pixel-art LoRA",Kenney.nl – RPG Urban Pack
ENEMY SPRITE,Fast Enemy,assets/images/enemies/fast_enemy.png,exists_placeholder,33,50,"Lightweight scout enemy — lightly dressed rogue, crouched speed pose, left-facing.",YES,"pixel art, 32x32 side-view fast enemy sprite, lightly armored rogue scout, speed lines, crouched pose, hooded cloak, left-facing, medieval fantasy, transparent background","blurry, realistic, heavy armor, slow look","Stable Diffusion SDXL","steps=28, cfg=7, pixel-art LoRA",OpenGameArt.org
ENEMY SPRITE,Flying Enemy,assets/images/enemies/flying_enemy.png,exists_placeholder,33,50,"Winged harpy or bat-demon, hovering mid-air. Wings spread, left-facing.",YES,"pixel art, 32x32 flying enemy sprite, harpy demon wings spread, mid-air hover pose, dark feathers, medieval fantasy, menacing, left-facing, transparent background","blurry, realistic, ground-based, no wings","Stable Diffusion SDXL","steps=28, cfg=7, pixel-art LoRA",OpenGameArt.org – Liberated Pixel Cup
ENEMY SPRITE,Swarm Enemy,assets/images/enemies/swarm_enemy.png,exists_placeholder,33,50,"Tiny imp or rat-sized creature. Small but numerous. Should feel weak and numerous.",YES,"pixel art, 32x32 tiny swarm creature sprite, small imp or rat demon, beady eyes, scurrying pose, dark skin, left-facing, medieval fantasy, transparent background","blurry, realistic, large, intimidating","Stable Diffusion SDXL","steps=28, cfg=7, pixel-art LoRA",OpenGameArt.org
ENEMY SPRITE,Tank Enemy,assets/images/enemies/tank_enemy.png,exists_placeholder,33,50,"Heavily armored troll or ogre with thick steel plate armor (20% damage reduction). Must look armored.",YES,"pixel art, 32x32 heavily armored ogre tank enemy, thick steel plate armor, shield, enormous bulk, slow heavy pose, left-facing, medieval fantasy, steel grey armor, transparent background","blurry, realistic, lightly dressed, fast-looking","Stable Diffusion SDXL","steps=28, cfg=7, pixel-art LoRA",OpenGameArt.org
ENEMY SPRITE,Siege Enemy,assets/images/enemies/siege_enemy.png,exists_placeholder,33,50,"Armored siege unit carrying a battering ram or pushing a siege shield (15% armor). Slow and unstoppable.",YES,"pixel art, 32x32 siege enemy sprite, armored warrior with battering ram, heavy plate, siege shield, massive build, left-facing, steel and iron, medieval, transparent background","blurry, realistic, lightweight","Stable Diffusion SDXL","steps=28, cfg=7, pixel-art LoRA",OpenGameArt.org
ENEMY SPRITE,Healer Enemy,assets/images/enemies/healer_enemy.png,exists_placeholder,33,50,"Shaman or cleric enemy in robes with a glowing green staff. Heals nearby allies. Must have a distinct healer visual cue.",YES,"pixel art, 32x32 healer enemy sprite, goblin shaman, green glowing staff, robes and hood, healing aura glow, left-facing, medieval fantasy, transparent background","blurry, realistic, armored, aggressive-looking","Stable Diffusion SDXL","steps=28, cfg=7, pixel-art LoRA",OpenGameArt.org
ENEMY SPRITE,Stealth Enemy,assets/images/enemies/stealth_enemy.png,exists_placeholder,33,50,"Cloaked assassin that fades to semi-transparency. Dark hooded rogue, subtle outline when stealthed.",YES,"pixel art, 32x32 stealth rogue assassin enemy, dark hooded cloak, dagger drawn, crouched stealth pose, shadowy, left-facing, medieval fantasy, transparent background","blurry, realistic, bright colors, visible","Stable Diffusion SDXL","steps=28, cfg=7, pixel-art LoRA",OpenGameArt.org
ENEMY SPRITE,Boss Enemy,assets/images/enemies/boss_enemy.png,exists_placeholder,64,64,"Large dragon or demon lord boss. Double sprite size to show scale. Imposing, unique design.",YES,"pixel art, 64x64 boss enemy sprite, massive dragon demon lord, crown and armor, huge wings partially folded, side view, glowing red eyes, medieval fantasy, dark and menacing, transparent background","blurry, realistic, small, cute","Stable Diffusion SDXL","steps=28, cfg=7, size=512x512 then scale to 64x64",OpenGameArt.org – LPC collection
PROJECTILE SPRITE,Basic Projectile,assets/images/projectiles/basic_projectile.png,exists_placeholder,16,16,"Small grey stone or iron ball. Tiny round bullet shape.",YES,"pixel art, 16x16, iron cannonball projectile, dark grey, simple sphere, slight motion blur trail, transparent background","blurry, large, complex","Stable Diffusion SDXL","steps=20, cfg=7, pixel-art LoRA, size=256x256 then scale to 16x16",Kenney.nl
PROJECTILE SPRITE,Advanced Projectile,assets/images/projectiles/advanced_projectile.png,exists_placeholder,16,16,"Glowing silver bolt or steel-tipped arrow with faint white energy trail.",YES,"pixel art, 16x16, silver glowing steel bolt projectile, white energy trail, motion streak, medieval fantasy, transparent background","blurry, complex, large","Stable Diffusion SDXL","steps=20, cfg=7, pixel-art LoRA",Kenney.nl
PROJECTILE SPRITE,Cannon Shell,assets/images/projectiles/cannon_projectile.png,exists_placeholder,16,16,"Large black iron cannonball with tiny sparking fuse. Slightly bigger than basic ball.",YES,"pixel art, 16x16, black iron cannonball with sparking fuse, lit explosive, dark iron, round shape, transparent background","blurry, complex","Stable Diffusion SDXL","steps=20, cfg=7, pixel-art LoRA",Kenney.nl
PROJECTILE SPRITE,Flame Projectile,assets/images/projectiles/flame_projectile.png,exists_placeholder,16,16,"Small fireball with orange-red glow and wispy flame tail.",YES,"pixel art, 16x16, orange fireball projectile, flame tail, glowing core, ember sparks, transparent background","blurry, ice, blue","Stable Diffusion SDXL","steps=20, cfg=7, pixel-art LoRA",OpenGameArt.org
PROJECTILE SPRITE,Frost Projectile,assets/images/projectiles/frost_projectile.png,exists_placeholder,16,16,"Ice shard or snowflake projectile. Pale blue-white crystalline shape.",YES,"pixel art, 16x16, ice shard projectile, pale blue crystalline, snowflake pattern, cold glow, transparent background","blurry, fire, warm colors","Stable Diffusion SDXL","steps=20, cfg=7, pixel-art LoRA",OpenGameArt.org
PROJECTILE SPRITE,Electric Projectile,assets/images/projectiles/electric_projectile.png,exists_placeholder,16,16,"Blue-white lightning bolt or electric orb with crackling sparks.",YES,"pixel art, 16x16, blue white electric lightning bolt projectile, crackling sparks, orb shape, bright glow, transparent background","blurry, fire, dull","Stable Diffusion SDXL","steps=20, cfg=7, pixel-art LoRA",OpenGameArt.org
PROJECTILE SPRITE,Laser Beam,assets/images/projectiles/laser_beam.png,exists_placeholder,16,64,"Thin elongated red laser beam segment. Designed to tile horizontally.",YES,"pixel art, 16x64, red laser beam segment, thin glowing line, bright core with soft glow edges, sci-fi, transparent background","blurry, thick, unfocused","Stable Diffusion SDXL","steps=20, cfg=7, horizontal laser beam tileable",OpenGameArt.org
PROJECTILE SPRITE,Missile,assets/images/projectiles/missile_projectile.png,exists_placeholder,16,16,"Small rocket with fire exhaust trail. Metallic body with fin details.",YES,"pixel art, 16x16, small rocket missile projectile, metallic body, fire exhaust trail, fins, medieval steampunk, transparent background","blurry, large, no trail","Stable Diffusion SDXL","steps=20, cfg=7, pixel-art LoRA",Kenney.nl
PROJECTILE SPRITE,Poison Projectile,assets/images/projectiles/poison_projectile.png,exists_placeholder,16,16,"Bubbling green acid or poison vial. Dripping toxic look.",YES,"pixel art, 16x16, green poison vial projectile, bubbling toxic drops, glass vial, acid green, alchemical, transparent background","blurry, clean, bright","Stable Diffusion SDXL","steps=20, cfg=7, pixel-art LoRA",OpenGameArt.org
PROJECTILE SPRITE,Splash Projectile,assets/images/projectiles/splash_projectile.png,exists_placeholder,16,16,"Flaming oil bomb or tar ball that splatters on impact.",YES,"pixel art, 16x16, flaming oil bomb projectile, dark round bomb shape, orange flame aura, splash drops, transparent background","blurry, clean, sharp","Stable Diffusion SDXL","steps=20, cfg=7, pixel-art LoRA",OpenGameArt.org
PROJECTILE SPRITE,Sniper Projectile,assets/images/projectiles/sniper_projectile.png,exists_placeholder,16,16,"Long thin silver bolt or arrow with a glowing piercing tip. Long and narrow shape.",YES,"pixel art, 16x16 but elongated 4x1, silver sniper bolt, glowing tip, long thin shape, piercing energy aura, transparent background","blurry, round, short","Stable Diffusion SDXL","steps=20, cfg=7, pixel-art LoRA",Kenney.nl
PROJECTILE SPRITE,Multi-Target Projectile,assets/images/projectiles/multi_target_projectile.png,exists_placeholder,16,16,"Energy disc or spinning shuriken that can hit multiple targets.",YES,"pixel art, 16x16, spinning energy shuriken disc, blue and gold, rotating blades, glowing edge, transparent background","blurry, round ball, no spinning detail","Stable Diffusion SDXL","steps=20, cfg=7, pixel-art LoRA",OpenGameArt.org
PROJECTILE SPRITE,Speed Boost Aura,assets/images/projectiles/speed_boost.png,exists_placeholder,64,64,"Expanding golden ring pulse used as the speed boost visual effect. Not a moving projectile.",YES,"pixel art, 64x64, golden speed ring pulse effect, expanding ring, radial glow, energy wave, transparent background","blurry, solid fill, opaque","Stable Diffusion SDXL","steps=20, cfg=7, circular pulse effect",OpenGameArt.org
PROJECTILE SPRITE,Gold Boost Aura,assets/images/projectiles/gold_boost.png,exists_placeholder,64,64,"Expanding golden coin sparkle field used as the gold boost visual. Coins flying outward.",YES,"pixel art, 64x64, gold coin shower effect sprite, golden coins flying outward, sparkles, wealth aura, transparent background","blurry, dull, grey","Stable Diffusion SDXL","steps=20, cfg=7, coin burst VFX",OpenGameArt.org
PROJECTILE SPRITE,Debuff Projectile,assets/images/projectiles/debuff_projectile.png,exists_placeholder,16,16,"Dark purple curse orb with spiral dark runes. Weakens targets.",YES,"pixel art, 16x16, dark purple curse orb projectile, swirling black runes, shadowy glow, malevolent energy, transparent background","blurry, bright, cheerful","Stable Diffusion SDXL","steps=20, cfg=7, pixel-art LoRA",OpenGameArt.org
TILE SPRITE,Grass Tile,assets/images/gameBoardTiles/grass.png,exists_placeholder,33,50,"Seamlessly tiling top-down grass tile. Medium green with subtle variation. No alpha.",YES,"pixel art, 33x50 seamless grass tile, top-down view, medium green, subtle texture variation, game board tile, no alpha","blurry, perspective, 3D, shadow","Stable Diffusion SDXL","steps=25, cfg=6, tileable texture LoRA, seamless",Kenney.nl – Topdown Shooter
TILE SPRITE,Path Tile,assets/images/gameBoardTiles/path.png,exists_placeholder,33,50,"Dirt or stone cobblestone path tile. Seamlessly tiling. Straight path segment.",YES,"pixel art, 33x50 seamless dirt cobblestone path tile, top-down view, brownish grey, worn stone texture, game board tile, seamless","blurry, 3D, perspective","Stable Diffusion SDXL","steps=25, cfg=6, tileable",Kenney.nl – Topdown Shooter
TILE SPRITE,Entrance Tile,assets/images/gameBoardTiles/entrance.png,exists_placeholder,33,50,"Glowing red portal or gatehouse entrance tile. Distinct from path — enemies enter here.",YES,"pixel art, 33x50 enemy entrance tile, glowing red portal gate, stone archway, red light glow, top-down, game board tile","blurry, blue, exit","Stable Diffusion SDXL","steps=25, cfg=7",OpenGameArt.org
TILE SPRITE,Exit Tile,assets/images/gameBoardTiles/exit.png,exists_placeholder,33,50,"Glowing blue castle gate or portal exit. Enemies reaching this tile damage the player.",YES,"pixel art, 33x50 exit castle gate tile, blue glowing gate, stone arch, golden doorframe, top-down, game board tile","blurry, red, entrance","Stable Diffusion SDXL","steps=25, cfg=7",OpenGameArt.org
TILE SPRITE,Stone Tile,assets/images/gameBoardTiles/stone.png,exists_placeholder,33,50,"Grey stone floor tile for build zones. Seamless.",YES,"pixel art, 33x50 grey stone floor tile, seamless, top-down, carved stone blocks, mortar lines, dark grey, game board tile","blurry, green, dirt","Stable Diffusion SDXL","steps=25, cfg=6, tileable",Kenney.nl
TILE SPRITE,Water Tile,assets/images/gameBoardTiles/water.png,exists_placeholder,33,50,"Animated or static shallow water tile. Blue-teal with subtle wave pattern.",YES,"pixel art, 33x50 water tile, shallow blue-teal water, subtle ripple pattern, top-down, seamless, game board tile","blurry, deep ocean, brown","Stable Diffusion SDXL","steps=25, cfg=6, tileable",Kenney.nl
TILE SPRITE,Lava Tile,assets/images/gameBoardTiles/lava.png,exists_placeholder,33,50,"Orange-red glowing lava tile. Hot rock and molten pools, top-down, seamless.",YES,"pixel art, 33x50 lava tile, orange-red molten rock, glowing cracks, flowing magma, top-down, seamless, game board tile","blurry, blue, cold","Stable Diffusion SDXL","steps=25, cfg=6, tileable",Kenney.nl
TILE SPRITE,Path Curve Tile (NE),assets/images/gameBoardTiles/path_curve_ne.png,MISSING,33,50,"Curved path tile bending from North to East. Currently the game uses straight path only.",YES,"pixel art, 33x50 curved dirt cobblestone path tile, north-to-east 90-degree curve, top-down, seamless edges, game board tile","blurry, straight, 3D","Stable Diffusion SDXL","steps=25, cfg=6, tileable",Kenney.nl – Topdown Shooter
TILE SPRITE,Path Curve Tile (NW),assets/images/gameBoardTiles/path_curve_nw.png,MISSING,33,50,"Curved path tile bending from North to West.",YES,"pixel art, 33x50 curved dirt cobblestone path tile, north-to-west 90-degree curve, top-down, seamless edges","blurry, straight","Stable Diffusion SDXL","steps=25, cfg=6",Kenney.nl
TILE SPRITE,Path Curve Tile (SE),assets/images/gameBoardTiles/path_curve_se.png,MISSING,33,50,"Curved path tile bending from South to East.",YES,"pixel art, 33x50 curved dirt cobblestone path tile, south-to-east 90-degree curve, top-down, seamless edges","blurry, straight","Stable Diffusion SDXL","steps=25, cfg=6",Kenney.nl
TILE SPRITE,Path Curve Tile (SW),assets/images/gameBoardTiles/path_curve_sw.png,MISSING,33,50,"Curved path tile bending from South to West.",YES,"pixel art, 33x50 curved dirt cobblestone path tile, south-to-west 90-degree curve, top-down, seamless edges","blurry, straight","Stable Diffusion SDXL","steps=25, cfg=6",Kenney.nl
SCREEN BG,Main Menu Background,assets/images/screens/main_menu_screen.png,exists_placeholder,1067,800,"Epic medieval fantasy castle at sunset. Game title area at top. Dark dramatic atmosphere.",YES,"digital painting, epic medieval fantasy castle at dusk, dramatic orange-purple sky, fog, stone towers, moody atmosphere, widescreen 16:9, game menu background, no text, no UI","blurry, modern, sci-fi, text, UI elements","Midjourney v6 / SDXL","--ar 4:3 --style raw --v 6, or SDXL steps=40 cfg=7",Adobe Stock – search 'dark medieval castle sky'
SCREEN BG,Campaign Map Background,assets/images/screens/campaignMap/campaign_map.png,exists_placeholder,1067,800,"Illustrated top-down treasure map of a fantasy kingdom. Parchment texture with labeled regions.",YES,"illustrated treasure map, top-down fantasy kingdom, parchment paper texture, hand-drawn style, medieval fantasy, regions and landmarks labeled with fantasy names, wax seal, compass rose, warm sepia tones","blurry, modern, digital clean","Midjourney v6","--ar 4:3 --style raw --v 6",Freepik.com – search 'fantasy treasure map'
SCREEN BG,Skills Screen Background,assets/images/screens/skills_background.png,exists_placeholder,1067,800,"Mystical wizard's study or arcane library. Bookshelves, scrolls, glowing runes, spell circles on floor.",YES,"digital painting, magical wizard study interior, ancient bookshelves, glowing arcane runes, spell circle, medieval fantasy, dark atmospheric lighting, candles, no text, no UI, widescreen","blurry, modern, bright, outdoor","Midjourney v6","--ar 4:3 --style raw --v 6",Adobe Stock – 'fantasy wizard library'
SCREEN BG,Level Completion Background,assets/images/screens/level_completion.png,exists_placeholder,405,384,"Triumphant victory banner or fanfare scene. Gold and green. Used as modal background.",YES,"digital painting, medieval victory celebration banner, gold and green banners, triumphant fanfare, confetti, medieval fantasy, warm golden light, small image for modal background, no text","blurry, dark, defeat","Midjourney v6","--ar 1:1 --style raw --v 6",Freepik.com
SCREEN BG,Level Defeat Background,assets/images/screens/level_defeat_2.jpg,exists_placeholder,405,384,"Dark ominous scene — cracked stone, skull, red light. Used as modal background for defeat.",YES,"digital painting, dark defeat scene, cracked stone altar, glowing red skull, smoke, dark medieval atmosphere, menacing, no text, modal background","blurry, bright, happy","Midjourney v6","--ar 1:1 --v 6",Adobe Stock
SCREEN BG,Pause Screen Background,assets/images/screens/pause_screen.png,exists_placeholder,1067,800,"Semi-transparent dark overlay backdrop for pause menu. Darkened version of gameplay view.",NO,N/A,N/A,N/A,N/A,"Generate in code: dark SRCALPHA surface with rgba(10,10,20,200)"
SCREEN BG,Options Screen Background,assets/images/screens/options_screen.png,exists_placeholder,1067,800,"Stone tablet or parchment scroll background for settings panel. Medieval theme.",YES,"digital painting, ancient stone tablet options menu background, parchment scroll texture, medieval fantasy, decorative border with knot-work, warm candlelight, no text, no UI","blurry, modern, sci-fi","Midjourney v6","--ar 4:3 --v 6",Freepik.com – 'parchment scroll frame'
SCREEN BG,Loading Screen Background,assets/images/screens/loading_screen.png,exists_placeholder,1067,800,"Dark atmospheric loading screen with game logo area and subtle animated texture.",YES,"digital painting, dark atmospheric medieval loading screen, fog, stone dungeon entrance, glowing portal, anticipation mood, widescreen, no text, no UI","blurry, bright","Midjourney v6","--ar 4:3 --v 6",Adobe Stock
SCREEN BG,Game Data / Save Screen,assets/images/screens/game_data_screen.png,exists_placeholder,1067,800,"Leather-bound tome or chest of scrolls representing save game slots. Open book aesthetic.",YES,"digital painting, ornate medieval ledger book open on stone table, leather bound, parchment pages, candlelight, magical glow, save game aesthetic, no text, no UI","blurry, modern, digital","Midjourney v6","--ar 4:3 --v 6",Adobe Stock
SCREEN BG,Victory Screen,assets/images/screens/victory_screen.png,exists_placeholder,1067,800,"Grand epic victory scene — knights celebrating, golden light, castle won. Very triumphant.",YES,"digital painting, epic medieval victory celebration, knights cheering, golden banners, castle gate open, triumphant light rays from sky, fantasy, no text, no UI","blurry, dark, defeat, sad","Midjourney v6","--ar 4:3 --style raw --v 6",Adobe Stock
SCREEN BG,Credits Screen,assets/images/screens/credits_screen.png,exists_placeholder,1067,800,"Rolling scroll or starfield with medieval decorative border for credits.",YES,"digital painting, medieval parchment scroll unrolling, starry night sky behind, decorative golden border, candlelight, magical glow, credits screen aesthetic, no text","blurry, modern","Midjourney v6","--ar 4:3 --v 6",Freepik.com
UI ELEMENT,Campaign Map Level Node – Locked,assets/images/screens/campaignMap/locked_level.png,exists_placeholder,48,48,"Padlocked metal shield icon. Grey/dark. Indicates a level not yet unlocked.",YES,"pixel art, 48x48, locked padlock shield icon, dark grey metal, chain details, game UI element, transparent background","blurry, colorful","Stable Diffusion SDXL","steps=25, cfg=7, icon style",Noun Project – 'padlock shield'
UI ELEMENT,Campaign Map Level Node – Unlocked,assets/images/screens/campaignMap/unlocked_level.png,exists_placeholder,48,48,"Gold shield or flag icon. Bright and clickable. Indicates a playable level.",YES,"pixel art, 48x48, gold shield level icon, shiny gold metal, engraved number or crest, game UI element, transparent background","blurry, grey, dark","Stable Diffusion SDXL","steps=25, cfg=7, icon style",Noun Project
UI ELEMENT,Campaign Map Level Node – 1 Star,assets/images/screens/campaignMap/level_1star.png,MISSING,48,48,"Completed level node with 1 gold star overlay. Shows progression.",YES,"pixel art, 48x48, completed level shield icon with 1 gold star, worn bronze shield, single gold star emblem, game UI element, transparent background","blurry, 2 or 3 stars","Stable Diffusion SDXL","steps=25, cfg=7",Noun Project / manual creation
UI ELEMENT,Campaign Map Level Node – 2 Stars,assets/images/screens/campaignMap/level_2stars.png,MISSING,48,48,"Completed level node with 2 gold stars overlay.",YES,"pixel art, 48x48, silver shield with two gold stars, completed level icon, game UI element, transparent background","blurry, 1 or 3 stars","Stable Diffusion SDXL","steps=25, cfg=7",Noun Project / manual creation
UI ELEMENT,Campaign Map Level Node – 3 Stars,assets/images/screens/campaignMap/level_3stars.png,MISSING,48,48,"Fully completed level node with 3 gold stars. Most prestigious.",YES,"pixel art, 48x48, gleaming gold shield with three gold stars, perfect completion icon, game UI element, radiant glow, transparent background","blurry, incomplete","Stable Diffusion SDXL","steps=25, cfg=7",Noun Project / manual creation
UI ELEMENT,Skill Points Icon,assets/images/UI/skill_point_icon.png,MISSING,24,24,"Small glowing purple gem or orb icon representing skill points in the HUD.",YES,"pixel art, 24x24, purple skill point gem icon, glowing orb, arcane sparkle, game HUD icon, transparent background","blurry, large","Stable Diffusion SDXL","steps=20, cfg=7, icon LoRA",Noun Project – 'gem icon'
UI ELEMENT,Gold Icon,assets/images/UI/gold_icon.png,MISSING,24,24,"Small gold coin icon for use beside the gold counter in the HUD.",YES,"pixel art, 24x24, gold coin icon, shiny yellow gold, simple coin with crest, game HUD icon, transparent background","blurry, dull","Stable Diffusion SDXL","steps=20, cfg=7, icon LoRA",Kenney.nl – UI Pack
UI ELEMENT,Health Icon,assets/images/UI/health_icon.png,MISSING,24,24,"Small red heart icon for the player health display in the HUD.",YES,"pixel art, 24x24, red heart health icon, glossy, game HUD icon, transparent background","blurry, detailed","Stable Diffusion SDXL","steps=20, cfg=7, icon LoRA",Kenney.nl – UI Pack
UI ELEMENT,Score Icon,assets/images/UI/score_icon.png,MISSING,24,24,"Small gold star or trophy icon for the score counter in the HUD.",YES,"pixel art, 24x24, gold star score icon, bright yellow star, game HUD icon, shiny, transparent background","blurry, dull","Stable Diffusion SDXL","steps=20, cfg=7, icon LoRA",Kenney.nl – UI Pack
UI ELEMENT,Tower Sell Button Icon,assets/images/UI/sell_icon.png,MISSING,32,32,"Gold coin with arrows indicating sale. Used on tower info panel sell button.",YES,"pixel art, 32x32, sell icon, gold coin with outward arrows, game UI button icon, transparent background","blurry, complex","Stable Diffusion SDXL","steps=20, cfg=7, icon LoRA",Noun Project – 'sell icon'
UI ELEMENT,Tower Upgrade Button Icon,assets/images/towers/tower_upgrade.png,exists_placeholder,32,32,"Upward arrow with sparkles. Used on tower info panel upgrade button.",YES,"pixel art, 32x32, upgrade arrow icon, upward sparkling arrow, green and gold, game UI button, transparent background","blurry, downward","Stable Diffusion SDXL","steps=20, cfg=7, icon LoRA",Kenney.nl – UI Pack
UI ELEMENT,Armor Indicator Badge,assets/images/UI/armor_badge.png,MISSING,16,16,"Tiny shield icon displayed on armored enemies (Tank, Siege, Healer) to signal damage reduction.",YES,"pixel art, 16x16, tiny steel shield armor badge icon, mini shield emblem, game status indicator, transparent background","blurry, large","Stable Diffusion SDXL","steps=20, cfg=7, micro icon",Noun Project
SKILL ICON,Additional Gold Skill Icon,assets/images/skills/additional_gold.png,MISSING,40,40,"Overflowing gold coin pouch icon. Represents bonus starting gold.",YES,"pixel art, 40x40, overflowing coin pouch icon, gold coins spilling, leather bag, warm yellow gold, skill icon, transparent background","blurry, grey","Stable Diffusion SDXL","steps=25, cfg=7, icon LoRA",Noun Project / Game-icons.net
SKILL ICON,Gold Per Kill Skill Icon,assets/images/skills/gold_per_kill.png,MISSING,40,40,"Sword with coin — combat earn reward. Represents gold earned per enemy kill.",YES,"pixel art, 40x40, sword with gold coin skill icon, medieval sword, golden coin attached, reward, transparent background","blurry, plain","Stable Diffusion SDXL","steps=25, cfg=7, icon LoRA",Game-icons.net
SKILL ICON,Additional Health Skill Icon,assets/images/skills/additional_health.png,MISSING,40,40,"Shield with red heart. Represents bonus player health.",YES,"pixel art, 40x40, shield with red heart emblem, health boost skill icon, stone and iron shield, crimson heart, transparent background","blurry, sword","Stable Diffusion SDXL","steps=25, cfg=7, icon LoRA",Game-icons.net
SKILL ICON,Damage Boost Skill Icon,assets/images/skills/damage_boost.png,MISSING,40,40,"Flaming sword or glowing weapon. Represents increased tower damage.",YES,"pixel art, 40x40, flaming sword skill icon, burning blade, orange fire glow, damage boost, medieval fantasy, transparent background","blurry, shield, defensive","Stable Diffusion SDXL","steps=25, cfg=7, icon LoRA",Game-icons.net
SKILL ICON,Attack Speed Skill Icon,assets/images/skills/attack_speed.png,MISSING,40,40,"Arrows in motion blur or clock with lightning bolt. Represents faster attack rate.",YES,"pixel art, 40x40, speed lightning bolt icon, motion blur arrows, clockwork gears, attack speed skill, transparent background","blurry, static, slow","Stable Diffusion SDXL","steps=25, cfg=7, icon LoRA",Game-icons.net
SKILL ICON,Range Extension Skill Icon,assets/images/skills/range_extension.png,MISSING,40,40,"Tower with expanding range rings. Represents increased attack range.",YES,"pixel art, 40x40, tower range extension icon, stone tower with radiating range rings, medieval, transparent background","blurry, close-range","Stable Diffusion SDXL","steps=25, cfg=7, icon LoRA",Game-icons.net
SKILL ICON,Critical Hit Chance Skill Icon,assets/images/skills/critical_hit_chance.png,MISSING,40,40,"Target crosshair with star burst effect. Critical strike aesthetic.",YES,"pixel art, 40x40, critical hit skill icon, crosshair with starburst explosion, red and gold, impact flash, transparent background","blurry, miss, plain","Stable Diffusion SDXL","steps=25, cfg=7, icon LoRA",Game-icons.net
SKILL ICON,Healing Ability Skill Icon,assets/images/skills/healing_ability.png,MISSING,40,40,"Heart with upward arrow and green glow. Tower-to-player healing.",YES,"pixel art, 40x40, healing life drain skill icon, heart with upward arrow and green glow, restore vitality, transparent background","blurry, red damage","Stable Diffusion SDXL","steps=25, cfg=7, icon LoRA",Game-icons.net
SKILL ICON,Tower Build Discount Skill Icon,assets/images/skills/tower_build_discount.png,MISSING,40,40,"Gold coin with a percentage tag or scissors. Represents construction discount.",YES,"pixel art, 40x40, discount build skill icon, gold coin with down-arrow price tag, construction hammer, medieval, transparent background","blurry, expensive","Stable Diffusion SDXL","steps=25, cfg=7, icon LoRA",Game-icons.net
SKILL ICON,Resource Generation Skill Icon,assets/images/skills/resource_generation.png,MISSING,40,40,"Tower generating gold coins passively — coins orbiting a tower icon.",YES,"pixel art, 40x40, passive gold generation skill icon, stone tower with orbiting gold coins, income aura, medieval, transparent background","blurry, static","Stable Diffusion SDXL","steps=25, cfg=7, icon LoRA",Game-icons.net
SKILL ICON,Splash Damage Skill Icon,assets/images/skills/splash_damage.png,MISSING,40,40,"Explosion ring with shockwave. Area-of-effect damage skill.",YES,"pixel art, 40x40, AoE splash damage skill icon, explosion ring shockwave, orange blast, medieval fantasy, transparent background","blurry, single target","Stable Diffusion SDXL","steps=25, cfg=7, icon LoRA",Game-icons.net
SKILL ICON,Armor Piercing Skill Icon,assets/images/skills/armor_piercing.png,MISSING,40,40,"Sword penetrating a shield. Armor penetration skill.",YES,"pixel art, 40x40, armor piercing skill icon, sword tip penetrating steel shield, crack in armor, medieval, transparent background","blurry, blocked, defensive","Stable Diffusion SDXL","steps=25, cfg=7, icon LoRA",Game-icons.net
VFX SPRITE,Explosion Effect – Frame 1,assets/images/effects/explosion_f1.png,MISSING,64,64,"First frame of 4-frame explosion animation. Small growing fireball.",YES,"pixel art, 64x64, explosion animation frame 1, small fireball bloom, orange red core, minimal smoke, transparent background","blurry, detailed, realistic","Stable Diffusion SDXL","steps=25, cfg=7, VFX sprite LoRA",OpenGameArt.org – explosion sprite sheet
VFX SPRITE,Explosion Effect – Frame 2,assets/images/effects/explosion_f2.png,MISSING,64,64,"Second frame of explosion. Larger ball of fire with rising smoke.",YES,"pixel art, 64x64, explosion animation frame 2, medium expanding fireball, orange cloud, smoke rising, transparent background","blurry, small, realistic","Stable Diffusion SDXL","steps=25, cfg=7, VFX sprite LoRA",OpenGameArt.org
VFX SPRITE,Explosion Effect – Frame 3,assets/images/effects/explosion_f3.png,MISSING,64,64,"Third frame — large fireball at peak with debris.",YES,"pixel art, 64x64, explosion animation frame 3, full fireball bloom, peak size, embers and debris, smoke billowing, transparent background","blurry, small","Stable Diffusion SDXL","steps=25, cfg=7, VFX sprite LoRA",OpenGameArt.org
VFX SPRITE,Explosion Effect – Frame 4,assets/images/effects/explosion_f4.png,MISSING,64,64,"Fourth frame — dissipating smoke cloud. Explosion dying out.",YES,"pixel art, 64x64, explosion animation frame 4, dissipating smoke cloud, embers fading, transparent background","blurry, bright, growing","Stable Diffusion SDXL","steps=25, cfg=7, VFX sprite LoRA",OpenGameArt.org
VFX SPRITE,Critical Hit Flash,assets/images/effects/crit_flash.png,MISSING,48,48,"Bright star-burst flash sprite for critical hit visual feedback. Gold and white.",YES,"pixel art, 48x48, critical hit starburst flash effect, bright gold and white rays, impact impact star, transparent background","blurry, dull, dark","Stable Diffusion SDXL","steps=20, cfg=7, VFX icon",OpenGameArt.org
VFX SPRITE,Heal Pulse Ring,assets/images/effects/heal_pulse.png,MISSING,48,48,"Expanding soft green ring — shown on player bar when healing_ability triggers a heal.",YES,"pixel art, 48x48, green healing pulse ring effect, soft glow, expanding ring, life energy, transparent background","blurry, red, damage","Stable Diffusion SDXL","steps=20, cfg=7",OpenGameArt.org
VFX SPRITE,Armor Clang Spark,assets/images/effects/armor_spark.png,MISSING,32,32,"Small metallic spark burst when armor blocks incoming damage. Steel-grey sparks.",YES,"pixel art, 32x32, metallic spark armor block effect, grey-white sparks radiating, clang impact, transparent background","blurry, fire, colorful","Stable Diffusion SDXL","steps=20, cfg=7",OpenGameArt.org
VFX SPRITE,Slow/Ice Ring,assets/images/effects/slow_ring.png,MISSING,48,48,"Blue frost ring that appears on slowed enemies. Ice crystal border.",YES,"pixel art, 48x48, blue ice frost slow ring effect, crystal border, cold glow, status effect ring, transparent background","blurry, warm, red","Stable Diffusion SDXL","steps=20, cfg=7",OpenGameArt.org
VFX SPRITE,Poison Cloud Puff,assets/images/effects/poison_puff.png,MISSING,48,48,"Green bubbling poison cloud puff that appears on poisoned enemies.",YES,"pixel art, 48x48, green poison cloud puff effect, bubbling toxic gas, wispy edges, status effect, transparent background","blurry, red, fire","Stable Diffusion SDXL","steps=20, cfg=7",OpenGameArt.org
VFX SPRITE,Gold Coin Pop,assets/images/effects/gold_coin_pop.png,MISSING,32,32,"Tiny floating gold coin that pops up when an enemy is killed. Animated feel.",YES,"pixel art, 32x32, floating gold coin popup, bright golden coin, upward motion, sparkle, game reward feedback, transparent background","blurry, dull","Stable Diffusion SDXL","steps=20, cfg=7",OpenGameArt.org
MUSIC,Main Menu Theme,assets/sounds/main_menu_background.mp3,exists_placeholder,N/A,N/A,"Epic orchestral medieval title theme. Builds excitement, ~2 min loop.",YES,"epic orchestral medieval fantasy title theme, triumphant horns, strings, choir, building excitement, seamless loop, 2 minutes, game menu music","jazz, electronic, modern","Suno AI / Udio","genre: orchestral fantasy epic, tempo: 85bpm, mood: triumphant",freemusicarchive.org – search 'medieval orchestral'
MUSIC,Campaign Map Theme,assets/sounds/campaign_map_background.mp3,exists_placeholder,N/A,N/A,"Adventurous lighter medieval theme for browsing the campaign map. ~90 sec loop.",YES,"adventurous medieval map exploration theme, lute and flute melody, light strings, whimsical, fantasy world map feel, seamless loop, 90 seconds","heavy metal, modern, dark","Suno AI / Udio","genre: medieval adventure, tempo: 95bpm, mood: curious adventurous",OpenGameArt.org – 'medieval exploration music'
MUSIC,Battle Music – Normal,assets/sounds/playing_background.mp3,exists_placeholder,N/A,N/A,"Driving tactical medieval battle music. Persistent loop for gameplay. ~3 min.",YES,"intense tactical medieval battle music loop, driving percussion, brass and strings tension, tower defense strategic feel, seamless loop, 3 minutes","slow, ambient, relaxing","Suno AI / Udio","genre: medieval battle, tempo: 120bpm, mood: intense tactical",OpenGameArt.org – 'medieval battle loop'
MUSIC,Battle Music – Intense (final waves),assets/sounds/playing_background_intense.mp3,MISSING,N/A,N/A,"More intense version of battle music for late waves. Same theme but faster/heavier.",YES,"intense escalating medieval battle music, same motif as normal battle but faster and heavier, brass fanfare, drums rapid, last-stand tension, seamless loop","slow, relaxed","Suno AI / Udio","genre: medieval epic battle, tempo: 140bpm, mood: desperate urgent",OpenGameArt.org
MUSIC,Level Complete Sting,assets/sounds/level_complete_sting.mp3,MISSING,N/A,N/A,"Short 3-5 second triumphant fanfare. Victory resolution. Not a loop.",YES,"short triumphant medieval victory fanfare, 4 seconds, brass and choir, uplifting resolution chord, not looping, celebration","long, looping, sad","Suno AI / Udio","genre: fanfare sting, duration: 4 seconds, mood: triumphant",freesound.org – search 'medieval fanfare short'
SFX,Explosion,assets/sounds/explosion.wav,MISSING,N/A,N/A,"CRITICAL: referenced in asset_manager.py but file does not exist. Causes silent failure on load. Medium-weight explosion boom.",NO,N/A,N/A,N/A,"freesound.org – 'explosion boom' (CC0 license) – e.g. freesound.org/s/562826/"
SFX,Tower Fire – Basic Shot,assets/sounds/sfx_shoot_basic.wav,MISSING,N/A,N/A,"Light thwack or ping. Basic tower firing sound. Short and crisp.",NO,N/A,N/A,N/A,"freesound.org – 'arrow shot thwack' CC0; Kenney.nl Impact Sounds"
SFX,Tower Fire – Cannon Blast,assets/sounds/sfx_shoot_cannon.wav,MISSING,N/A,N/A,"Deep cannon boom with reverb tail. Heavy impact feel.",NO,N/A,N/A,N/A,"freesound.org – 'cannon fire boom' CC0; e.g. freesound.org/s/200892/"
SFX,Tower Fire – Flame Whoosh,assets/sounds/sfx_shoot_flame.wav,MISSING,N/A,N/A,"Short flame thrower whoosh. Fire burst, 0.5 seconds.",NO,N/A,N/A,N/A,"freesound.org – 'flamethrower burst' CC0; Mixkit.co – free SFX"
SFX,Tower Fire – Frost Crack,assets/sounds/sfx_shoot_frost.wav,MISSING,N/A,N/A,"Icy crackling crystal sound. Cold and brittle.",NO,N/A,N/A,N/A,"freesound.org – 'ice crack freeze' CC0; OpenGameArt.org"
SFX,Tower Fire – Electric Zap,assets/sounds/sfx_shoot_electric.wav,MISSING,N/A,N/A,"Sharp electric discharge snap. Crackling lightning bolt.",NO,N/A,N/A,N/A,"freesound.org – 'electric zap snap' CC0; Mixkit.co"
SFX,Tower Fire – Laser Hum,assets/sounds/sfx_shoot_laser.wav,MISSING,N/A,N/A,"Continuous laser hum or beam charge. Sci-fi energy weapon.",NO,N/A,N/A,N/A,"freesound.org – 'laser beam hum' CC0; OpenGameArt.org"
SFX,Tower Fire – Missile Launch,assets/sounds/sfx_shoot_missile.wav,MISSING,N/A,N/A,"Rocket whoosh launch sound. Fast and powerful.",NO,N/A,N/A,N/A,"freesound.org – 'rocket launch whoosh' CC0; Mixkit.co"
SFX,Tower Fire – Poison Splat,assets/sounds/sfx_shoot_poison.wav,MISSING,N/A,N/A,"Wet bubbling splat sound for poison projectile.",NO,N/A,N/A,N/A,"freesound.org – 'liquid splat bubble' CC0"
SFX,Tower Fire – Sniper Crack,assets/sounds/sfx_shoot_sniper.wav,MISSING,N/A,N/A,"Sharp high-velocity crack. Piercing supersonic snap.",NO,N/A,N/A,N/A,"freesound.org – 'sniper rifle crack' CC0; Mixkit.co"
SFX,Enemy Reaches Goal,assets/sounds/sfx_enemy_goal.wav,MISSING,N/A,N/A,"Alarming sting when an enemy gets through — player takes damage cue. Heavy thud or alarm.",NO,N/A,N/A,N/A,"freesound.org – 'alarm sting impact' CC0; Mixkit.co – 'retro alarm'"
SFX,Player Takes Damage (light),assets/sounds/sfx_player_hit.wav,MISSING,N/A,N/A,"Short grunt or shield-impact when player health drops. Urgent but brief.",NO,N/A,N/A,N/A,"freesound.org – 'shield impact grunt' CC0; OpenGameArt.org"
SFX,Critical Hit,assets/sounds/sfx_critical_hit.wav,MISSING,N/A,N/A,"Sharp metallic ring or power-chime for critical hit feedback. Satisfying and distinct.",NO,N/A,N/A,N/A,"freesound.org – 'critical hit metal ring' CC0; Mixkit.co – 'game notification'"
SFX,Healing Pulse,assets/sounds/sfx_heal.wav,MISSING,N/A,N/A,"Soft chime or magical tinkle when healing_ability restores player HP.",NO,N/A,N/A,N/A,"freesound.org – 'heal chime bell' CC0; Mixkit.co – 'magic sparkle'"
SFX,Armor Block Clang,assets/sounds/sfx_armor_block.wav,MISSING,N/A,N/A,"Metal-on-metal clank when armor absorbs a hit on Tank or Siege enemy.",NO,N/A,N/A,N/A,"freesound.org – 'metal clank armor' CC0; Kenney.nl Impact Sounds"
SFX,Splash Damage Impact,assets/sounds/sfx_splash_damage.wav,MISSING,N/A,N/A,"Wet splash-thud for the splash_damage skill AoE going off.",NO,N/A,N/A,N/A,"freesound.org – 'impact wet splash' CC0"
SFX,Gold Coin Collect,assets/sounds/sfx_gold_coin.wav,MISSING,N/A,N/A,"Bright coin clink or chime when gold is earned from a kill.",NO,N/A,N/A,N/A,"freesound.org – 'coin pickup clink' CC0; Kenney.nl – Interface Sounds"
SFX,Tower Sell,assets/sounds/sfx_tower_sell.wav,MISSING,N/A,N/A,"Cash register or coin jingle when selling a tower.",NO,N/A,N/A,N/A,"freesound.org – 'cash register coin' CC0; Mixkit.co"
SFX,Wave Complete,assets/sounds/sfx_wave_complete.wav,MISSING,N/A,N/A,"Short positive jingle when all enemies in a wave are defeated.",NO,N/A,N/A,N/A,"freesound.org – 'wave complete bell chime' CC0; Mixkit.co – 'success notification'"
SFX,Low Health Warning,assets/sounds/sfx_low_health.wav,MISSING,N/A,N/A,"Ominous low pulse or heartbeat warning when player health drops below 25%.",NO,N/A,N/A,N/A,"freesound.org – 'heartbeat pulse warning' CC0; Mixkit.co – 'alarm pulse'"
SFX,Enemy Death – Tank Thud,assets/sounds/sfx_death_tank.wav,MISSING,N/A,N/A,"Heavy ground thud when a Tank or Siege enemy is killed. Big and weighty.",NO,N/A,N/A,N/A,"freesound.org – 'heavy impact thud ground' CC0"
SFX,Enemy Death – Swarm Scatter,assets/sounds/sfx_death_swarm.wav,MISSING,N/A,N/A,"Tiny squeak or scatter sound for small swarm enemy deaths.",NO,N/A,N/A,N/A,"freesound.org – 'small creature squeak' CC0; OpenGameArt.org"
SFX,Enemy Death – Flying,assets/sounds/sfx_death_flying.wav,MISSING,N/A,N/A,"Screech or screaming glide-down sound when flying enemies are killed.",NO,N/A,N/A,N/A,"freesound.org – 'harpy screech fall' CC0; OpenGameArt.org"
FONT,Medieval Title Font,assets/fonts/medieval_title.ttf,MISSING,N/A,N/A,"Decorative medieval/fantasy font for game title, screen headers. Engraved stone or illuminated manuscript feel.",NO,N/A,N/A,N/A,"dafont.com – 'MedievalSharp', 'Almendra', or 'UnifrakturMaguntia' (all free/OFL)"
FONT,UI Body Font,assets/fonts/ui_body.ttf,MISSING,N/A,N/A,"Readable sans-serif or soft-serif for button text, labels, descriptions. Must be legible at 12-18px.",NO,N/A,N/A,N/A,"Google Fonts – 'Cinzel' for headers, 'Lato' or 'Nunito' for body (OFL license)"
TOWER SPRITE,Inferno Tower,assets/images/towers/inferno_tower.png,MISSING,33,50,Shoots a continuous beam of fire.,YES,"pixel art, 32x32, top-down tower defense, inferno tower, dark stone base with roaring flame nozzle, medieval fantasy, transparent background",blurry,Stable Diffusion SDXL,"steps=28, cfg=7",None
TOWER SPRITE,Tesla Coil Tower,assets/images/towers/tesla_tower.png,MISSING,33,50,Chains lightning between enemies.,YES,"pixel art, 32x32, top-down tower defense, tesla coil tower, copper coils, crackling blue electricity, medieval steampunk, transparent background",blurry,Stable Diffusion SDXL,steps=28,None
TOWER SPRITE,Necromancer Spire,assets/images/towers/necro_tower.png,MISSING,33,50,Summons friendly skeletons on the path.,YES,"pixel art, 32x32, top-down tower defense, necromancer spire tower, dark purple glowing crystal, bone decorations, transparent background",blurry,Stable Diffusion SDXL,steps=28,None
TOWER SPRITE,Earthquake Totem,assets/images/towers/quake_tower.png,MISSING,33,50,Periodically slams ground to stun enemies.,YES,"pixel art, 32x32, top-down tower defense, earthquake totem tower, heavy stone pillar, glowing orange cracks, transparent background",blurry,Stable Diffusion SDXL,steps=28,None
ENEMY SPRITE,Stone Golem,assets/images/enemies/golem_enemy.png,MISSING,33,50,"Extremely slow, high health, armor.",YES,"pixel art, 32x32, side view, stone golem enemy sprite, heavy rock armor, slow lumbering pose, medieval fantasy, transparent background",blurry,Stable Diffusion SDXL,steps=28,None
ENEMY SPRITE,Shadow Assassin,assets/images/enemies/assassin_enemy.png,MISSING,33,50,"Fast, sometimes turns invisible.",YES,"pixel art, 32x32, side view, shadow assassin enemy sprite, dark cloak, glowing daggers, crouched fast pose, transparent background",blurry,Stable Diffusion SDXL,steps=28,None
ENEMY SPRITE,Goblin Shaman,assets/images/enemies/shaman_enemy.png,MISSING,33,50,Heals nearby enemies.,YES,"pixel art, 32x32, side view, goblin shaman enemy sprite, tribal masks, wooden staff with glowing green gem, transparent background",blurry,Stable Diffusion SDXL,steps=28,None
ENEMY SPRITE,Dragon Boss,assets/images/enemies/dragon_boss.png,MISSING,64,64,Massive flying enemy.,YES,"pixel art, 64x64, side view, giant red dragon boss enemy sprite, folded wings, breathing smoke, medieval fantasy, transparent background",blurry,Stable Diffusion SDXL,steps=28,None
PROJECTILE SPRITE,Inferno Beam,assets/images/projectiles/inferno_beam.png,MISSING,16,64,Continuous red and orange fire beam projectile.,YES,"pixel art, 16x64, continuous red and orange fire beam projectile, tileable, transparent background",blurry,Stable Diffusion SDXL,steps=20,None
PROJECTILE SPRITE,Chain Lightning,assets/images/projectiles/chain_lightning.png,MISSING,16,64,Crackling blue chain lightning arc projectile.,YES,"pixel art, 16x64, crackling blue chain lightning arc projectile, tileable, transparent background",blurry,Stable Diffusion SDXL,steps=20,None
TILE SPRITE,Mana Crystal,assets/images/gameBoardTiles/mana_crystal.png,MISSING,33,50,A glowing blue mana crystal obstacle.,YES,"pixel art, 32x32, glowing blue mana crystal obstacle, top-down, game board tile, transparent background",blurry,Stable Diffusion SDXL,steps=25,None
TILE SPRITE,Ancient Ruins,assets/images/gameBoardTiles/ancient_ruins.png,MISSING,33,50,Ancient stone ruins obstacle.,YES,"pixel art, 33x50, ancient stone ruins obstacle, mossy broken pillars, top-down, game board tile, transparent background",blurry,Stable Diffusion SDXL,steps=25,None
WEATHER SPRITE,Rain Overlay,assets/images/effects/weather_rain.png,MISSING,1067,800,Semi-transparent falling rain overlay.,YES,"pixel art, falling rain overlay texture, slanted rain drops, transparent background, seamless tile",blurry,Stable Diffusion SDXL,steps=20,None
WEATHER SPRITE,Fog Overlay,assets/images/effects/weather_fog.png,MISSING,1067,800,Semi-transparent drifting fog overlay.,YES,"pixel art, drifting fog cloud overlay texture, wispy white grey smoke, transparent background, seamless tile",blurry,Stable Diffusion SDXL,steps=20,None
TILE SPRITE,Snow Tile,assets/images/gameBoardTiles/snow.png,MISSING,33,50,Seamlessly tiling snow biome background tile.,YES,"pixel art, 33x50 seamless snow tile, top-down view, white and pale blue, subtle snowdrift texture",blurry,Stable Diffusion SDXL,steps=25,None
TILE SPRITE,Desert Sand Tile,assets/images/gameBoardTiles/sand.png,MISSING,33,50,Seamlessly tiling desert sand biome background tile.,YES,"pixel art, 33x50 seamless desert sand tile, top-down view, warm yellow and orange, dune ripples",blurry,Stable Diffusion SDXL,steps=25,None
TOWER SPRITE,Gravity Tower,assets/images/towers/gravity_tower.png,MISSING,33,50,"Pulls enemies slightly backwards, slowing their advance.",YES,"pixel art, 32x32, top-down tower defense, gravity black hole tower, floating dark orb, swirling spacetime, transparent background",blurry,Stable Diffusion SDXL,steps=28,None
ENEMY SPRITE,Mirror Defender,assets/images/enemies/mirror_enemy.png,MISSING,33,50,Reflects certain projectiles back at towers.,YES,"pixel art, 32x32, side view, mirror defender enemy sprite, glass and steel armor, glowing reflective shield, medieval fantasy, transparent background",blurry,Stable Diffusion SDXL,steps=28,None
ENEMY SPRITE,Phoenix,assets/images/enemies/phoenix_enemy.png,MISSING,33,50,Flying enemy that revives once upon death from ashes.,YES,"pixel art, 32x32, flying phoenix enemy sprite, bird of fire, flaming wings, side view, medieval fantasy, transparent background",blurry,Stable Diffusion SDXL,steps=28,None
HERO SPRITE,Paladin Hero,assets/images/heroes/paladin_hero.png,MISSING,33,50,Movable hero unit that fights enemies on the path.,YES,"pixel art, 32x32, top-down hero unit, holy paladin knight, shining armor, large sword and shield, glowing aura, transparent background",blurry,Stable Diffusion SDXL,steps=28,None
HERO SPRITE,Ranger Hero,assets/images/heroes/ranger_hero.png,MISSING,33,50,Ranged hero unit that shoots arrows and sets traps.,YES,"pixel art, 32x32, top-down hero unit, elven ranger, green cloak, longbow, transparent background",blurry,Stable Diffusion SDXL,steps=28,None
OBSTACLE SPRITE,Exploding Barrel,assets/images/obstacles/exploding_barrel.png,MISSING,33,50,Red powder barrel that explodes when hit by fire.,YES,"pixel art, 32x32, red wooden gunpowder barrel, skull and crossbones icon, top-down, transparent background",blurry,Stable Diffusion SDXL,steps=25,None
TRAP SPRITE,Spike Trap,assets/images/traps/spike_trap.png,MISSING,33,50,Placed on path tiles to deal damage when stepped on.,YES,"pixel art, 33x50, steel spike trap tile overlay, sharp metal spikes protruding from stone base, top-down, transparent background",blurry,Stable Diffusion SDXL,steps=25,None
UI ELEMENT,Achievement Trophy,assets/images/UI/achievement_trophy.png,MISSING,32,32,Icon for unlocked achievements.,YES,"pixel art, 32x32, gold achievement trophy cup, shiny, game UI icon, transparent background",blurry,Stable Diffusion SDXL,steps=20,None
UI ELEMENT,Game Speed 4x,assets/images/UI/speed_4x.png,MISSING,32,32,Triple arrow icon for ultra-fast gameplay.,YES,"pixel art, 32x32, ultra fast forward button icon, triple right arrows, game UI element, transparent background",blurry,Stable Diffusion SDXL,steps=20,None
TOWER SPRITE,Chronos Tower,assets/images/towers/chronos_tower.png,MISSING,33,50,Slows down time globally for 3 seconds when activated.,YES,"pixel art, 32x32, top-down tower defense, chronos time tower, giant spinning golden clock face on stone pillar, medieval fantasy, transparent background",blurry,Stable Diffusion SDXL,steps=28,None
ENEMY SPRITE,Slime Splitter,assets/images/enemies/slime_enemy.png,MISSING,33,50,Divides into 2 smaller slimes on death.,YES,"pixel art, 32x32, side view, giant green slime enemy sprite, gelatinous blob, medieval fantasy, transparent background",blurry,Stable Diffusion SDXL,steps=28,None
UI ELEMENT,Bestiary Icon,assets/images/UI/bestiary_icon.png,MISSING,32,32,Icon for an enemy encyclopedia/bestiary menu.,YES,"pixel art, 32x32, open dusty magic book icon, bestiary, game UI element, transparent background",blurry,Stable Diffusion SDXL,steps=20,None
UI ELEMENT,Cursor Normal,assets/images/UI/cursor_normal.png,MISSING,32,32,Medieval gauntlet cursor.,YES,"pixel art, 32x32, medieval steel gauntlet hand pointing, game cursor, transparent background, no text",blurry,Stable Diffusion SDXL,steps=20,None
UI ELEMENT,Cursor Target,assets/images/UI/cursor_target.png,MISSING,32,32,Target crosshair cursor.,YES,"pixel art, 32x32, red target crosshair game cursor, transparent background, no text",blurry,Stable Diffusion SDXL,steps=20,None
UI ELEMENT,Element Fire,assets/images/UI/element_fire.png,MISSING,32,32,Fire damage type icon.,YES,"pixel art, 32x32, orange fire flame icon, game UI stat icon, transparent background, no text",blurry,Stable Diffusion SDXL,steps=20,None
UI ELEMENT,Element Ice,assets/images/UI/element_ice.png,MISSING,32,32,Ice damage type icon.,YES,"pixel art, 32x32, blue snowflake crystal icon, game UI stat icon, transparent background, no text",blurry,Stable Diffusion SDXL,steps=20,None
UI ELEMENT,Element Poison,assets/images/UI/element_poison.png,MISSING,32,32,Poison damage type icon.,YES,"pixel art, 32x32, green poison teardrop icon, game UI stat icon, transparent background, no text",blurry,Stable Diffusion SDXL,steps=20,None
UI ELEMENT,Element Lightning,assets/images/UI/element_lightning.png,MISSING,32,32,Lightning damage type icon.,YES,"pixel art, 32x32, yellow lightning bolt icon, game UI stat icon, transparent background, no text",blurry,Stable Diffusion SDXL,steps=20,None
UI ELEMENT,Status Stunned,assets/images/UI/status_stunned.png,MISSING,32,32,Spinning yellow stars for stunned effect.,YES,"pixel art, 32x32, spinning yellow stars icon, stun status effect, transparent background, no text",blurry,Stable Diffusion SDXL,steps=20,None
UI ELEMENT,Status Burning,assets/images/UI/status_burning.png,MISSING,32,32,Small flame icon for burning effect.,YES,"pixel art, 32x32, small burning flame status effect icon, transparent background, no text",blurry,Stable Diffusion SDXL,steps=20,None
UI ELEMENT,Play Button,assets/images/UI/btn_play.png,MISSING,48,48,Play button icon.,YES,"pixel art, 48x48, green play button triangle icon, medieval stone button base, transparent background, no text",blurry,Stable Diffusion SDXL,steps=20,None
UI ELEMENT,Pause Button,assets/images/UI/btn_pause.png,MISSING,48,48,Pause button icon.,YES,"pixel art, 48x48, yellow pause button double bars icon, medieval stone button base, transparent background, no text",blurry,Stable Diffusion SDXL,steps=20,None
UI ELEMENT,Sound On,assets/images/UI/btn_sound_on.png,MISSING,48,48,Speaker with sound waves icon.,YES,"pixel art, 48x48, speaker with sound waves icon, medieval wood frame, game UI, transparent background, no text",blurry,Stable Diffusion SDXL,steps=20,None
UI ELEMENT,Sound Off,assets/images/UI/btn_sound_off.png,MISSING,48,48,Speaker with red X icon.,YES,"pixel art, 48x48, speaker with red x mute icon, medieval wood frame, game UI, transparent background, no text",blurry,Stable Diffusion SDXL,steps=20,None
